x,y,z
-0.1651328186190355,463.8652595440758,a
47.95073172859424,484.3689655197194,a
64.72169634926806,489.1970666796184,a
84.44946436130232,475.9112011978559,a
87.91993341901876,428.14278665377486,a
145.47175919822018,417.45257737632363,a
125.38674643070487,488.9010686155829,a
118.7669431535239,395.511239218213,a
144.97510746205452,481.25943980798905,a
144.26437715300818,429.0909849791574,a
145.01561796484953,454.7889718851608,a
88.00941924483183,406.5259924098763,a
91.99929746299647,427.1998705273455,a
60.42007820609455,445.9073358951086,a
41.430610259858334,418.532056370378,a
47.74937997849119,382.7452683498308,a
37.033803513529,460.8303491107697,a
55.05114009245075,448.1159840394247,a
35.32983239131307,496.1448551738538,a
32.7707943397562,459.34320074689566,a
50.56748627947215,453.01742235230995,a
49.17974911162426,459.3296992886717,a
69.37243934937715,473.9074236488627,a
75.83824304296971,446.4429056177031,a
146.4933604382147,434.755084330981,a
109.16911782203285,383.6648642475483,a
117.32504330584192,406.76512571186174,a
111.1777532441524,423.89212026915067,a
158.84513659824583,467.4205258424928,a
89.16477345549666,413.7801476394624,a
81.9550457880448,388.22389707921997,a
57.45110764094332,460.2410914572567,a
112.4537210531814,422.1775329742696,a
50.23417971390859,429.2985994257784,a
19.372691418493133,473.42499697317254,a
19.58891458196229,373.7439853359235,a
21.95516748712106,438.0280909682517,a
7.041181195431214,450.11821104079417,a
25.404856749146173,448.8740547553484,a
-11.222191624154732,461.01203265342866,a
33.374295345236774,454.2961017282374,a
127.75118212010446,428.18518598626207,a
119.51470072950607,407.21943977985325,a
213.9988811024593,432.71613650916413,a
250.8525245171549,422.6313567124523,a
202.2410492268711,488.08257538035485,a
187.48620029564177,456.72506603977536,a
185.21615215514913,442.88059010495516,a
138.80195967559905,446.8923770656512,a
52.35824701415417,417.9541583311195,a
1.520791651284238,414.6807460085838,a
21.989736022591703,413.5964176534819,a
34.509161891718975,430.34937601323975,a
30.72632268284518,468.9452024675652,a
26.850988400364685,471.6188333688036,a
57.08880647491967,452.43440610855475,a
104.57453842620006,450.6325431762551,a
167.16525735580404,488.3072592911521,a
131.5892640261594,435.97475337539464,a
167.52040118725654,475.8122169474567,a
187.59151271357123,519.7687895465028,a
176.12710298426325,471.51953845184187,a
135.37376623195394,464.9010119032229,a
181.2889717397351,451.99955513212313,a
81.73596796890087,430.7077078100097,a
89.41297580661133,445.61813626091197,a
-7.4065433478393565,477.59626602284305,a
173.19104891237552,486.94874905375013,a
230.35415921491648,398.00000015811344,a
159.93681135636064,395.52245204243366,a
159.81561533519735,383.97068753608573,a
188.89941188609856,411.359083944882,a
161.76272267831501,380.50421374220923,a
164.8970395524449,373.77036917830696,a
182.59471477905817,341.63493315169626,a
159.64716795314905,394.21363483778134,a
222.57552026243673,357.0139635618812,a
190.15332538323162,336.44535185877686,a
153.1644223794819,343.73095919657624,a
147.8787693921007,365.19643925144413,a
129.08634621511865,302.2917764786761,a
114.92902435057812,310.7933176911197,a
171.0407893115438,362.0177192493687,a
157.75319725929808,387.46931743711286,a
179.74219954314742,406.1697292207475,a
238.77176686260782,364.85625334424645,a
244.73658892801492,406.84565081401615,a
229.88011668636653,431.759782446656,a
309.1477612609475,407.45999224965055,a
290.50731011562516,407.8672639612437,a
261.71489680747544,423.45916186237895,a
240.9642731258519,382.28773147226843,a
197.529236898157,378.9753323951103,a
138.76638646596052,394.90904193162373,a
46.7403159163521,322.7524207055387,a
65.44022384314486,385.4964684331625,a
70.0559479524218,375.3134941136808,a
19.618897668090792,430.9207621851767,a
-22.77104330545093,370.0363517000168,a
27.331989252708954,358.1609729489607,a
66.65940149523448,369.20917768537197,a
61.36671156287042,425.4583274872244,a
85.19674369882253,411.06454804354985,a
119.17231304385048,440.389573626926,a
158.456530364118,418.4090109338217,a
144.38785221799418,436.23612084779137,a
133.14272821291402,431.3352173181255,a
103.8690493656237,442.3080153798213,a
111.2766507634071,367.1587415001372,a
141.45858951185753,360.1343683739862,a
93.03216796007393,343.6329495564405,a
59.23898157646269,372.3913826752992,a
32.059422180067834,349.1939471913788,a
3.4401432067578526,314.2258286011014,a
60.37196581423059,357.6076042519784,a
10.403533261880622,295.2286908272972,a
49.00631863353996,328.5735433869978,a
100.30165943651143,375.3207317242692,a
113.14912947142236,379.20860676924497,a
127.32825796608927,388.302156978086,a
194.56353536611755,398.3385378932797,a
219.7537628947441,422.9543071013856,a
158.92691477652338,429.9277667244892,a
180.4297462502278,377.1504154072357,a
172.39931745705093,328.2313000293201,a
188.55908350915792,402.50584395919645,a
84.03597500907412,292.8469883703785,a
65.82021809978728,355.0680963147139,a
-13.681466447743361,318.35255730293244,a
240.09372786637775,419.74927697628624,a
253.50520481849242,444.6940809298965,a
161.80266525023603,459.7033829933265,a
277.86714272562125,447.96314831633157,a
235.83064039003867,458.88844994467644,a
234.11905009071495,450.0465252326072,a
276.81821106781837,464.14107941845486,a
299.59251249297387,461.3028250472566,a
292.4401674610714,464.78539033135246,a
327.3958768966253,444.4550455029912,a
344.47105852073184,431.65110954733393,a
349.2874209753663,436.91437642436114,a
291.98122902997045,473.1971584211539,a
372.504990933727,452.0511271989624,a
304.4941897036615,401.8216317047496,a
321.1063670025893,431.9299797808354,a
300.7058175380387,414.2738549334988,a
299.20513014413945,451.4926147933703,a
285.30380036843854,415.2620297161896,a
296.2965037172443,437.82220874661846,a
286.61663757859674,405.38550796296363,a
297.05063223537184,438.4464368890158,a
286.48278038027723,425.21056159991804,a
278.67360988185857,424.502602130546,a
296.91361380642263,444.47502161544037,a
270.9894740430233,459.37267604023793,a
306.1026988456716,471.7458070367761,a
293.78124477338764,480.72684420864977,a
293.08298466816376,505.98471090677276,a
304.555731298201,426.43582816311573,a
264.998273274543,448.9382220136411,a
268.6597411887499,452.0427155441738,a
261.2464631286912,482.8969137635099,a
228.6392893622955,441.6714959188272,a
122.7461011077508,456.0248895279088,a
158.04619473467145,465.34689909633715,a
160.87046972049498,426.9011674535303,a
109.62922639588163,464.6251861692089,a
85.30930152490546,446.5451605180717,a
95.1149075538986,431.61162749400677,a
125.21965756835309,526.6668708844658,a
161.64722317378786,437.9378876765536,a
194.04961347900704,452.1452740535361,a
210.17439748907782,453.2163849249997,a
286.25230048389085,460.0077472258351,a
327.8060417698972,406.1301135476449,a
281.6181333269657,433.83681740118925,a
352.98879988983447,487.7499439527835,a
328.31303598808245,437.58386057804836,a
307.89478001616123,469.91804411975767,a
297.9265078001564,462.49188006721624,a
272.0650728662876,443.2391446050637,a
254.95038624162518,480.80446787409517,a
165.5012978529703,456.25730394755703,a
163.050620674769,459.51973436349925,a
201.06006669153618,447.5619803800271,a
115.71866157444688,444.33906392287633,a
185.0349241868143,460.61062459403985,a
167.0544592865512,459.02838775406246,a
201.9760379543542,451.3957528150106,a
136.73478465284796,478.96148822085917,a
184.80698591051814,468.0698565122804,a
197.07318655798136,474.61944602071463,a
231.57987394807856,493.70434734834214,a
178.45075049768758,458.0053893764998,a
229.91119451713848,582.1562040704388,a
224.43452061813085,550.1910992387222,a
223.51250069986048,428.3912635156939,a
226.74178784415247,503.1492642130574,a
290.0052972293406,459.2179487870215,a
228.69911234014572,478.7556456861991,a
291.66200073424017,477.89959726277556,a
291.8320270422496,467.6713485844435,a
253.0146460770536,437.56239233026633,a
237.7625040627361,481.913563382644,a
293.95995184637496,463.2054552788828,a
240.33143590712837,496.17171857605246,a
265.6030600733633,449.3640282641575,a
261.74189934389665,455.4985437786478,a
246.53746066421945,465.74959193842295,a
268.0770185959478,478.0759420242084,a
257.14785124699307,441.3837198088372,a
235.3124671982029,429.05705217853404,a
232.92811498346475,442.0634402743241,a
246.7733779119472,453.39625278858085,a
256.9369417627276,430.62014049177674,a
289.8148917330014,401.639323175215,a
290.00210296483436,395.5288939837193,a
301.6052102715148,373.2114198881362,a
304.4466135422021,380.35756337765315,a
329.4599960117583,386.21405759643216,a
283.63016904506355,314.85217888115926,a
309.6634264010895,358.58684166535716,a
349.52849898119115,363.11388278617017,a
364.91748087409894,306.3955915976567,a
366.47232401992204,325.8365404258385,a
318.8808296209095,319.93411683023703,a
325.3398794010185,329.282427376576,a
332.0087509654855,305.67030734407683,a
326.209810732831,300.08194791587175,a
277.07751430657174,291.5547873573579,a
322.7558833099888,292.66862288963426,a
348.01557575914336,258.8397898752717,a
359.783704332536,271.28300131065885,a
348.3239382657128,284.5740800923252,a
380.0698593487697,274.5252288859234,a
367.995190080055,257.1389839972466,a
399.86901848720237,239.64656632577976,a
435.1450217542557,272.619131856319,a
451.7793927119264,242.47127259616133,a
471.41261794493255,187.48479824159307,a
431.36118843044005,173.72158688411355,a
443.33838270917204,245.78125419101588,a
505.5698911255188,191.02017553386236,a
497.1978756963907,184.98156422762196,a
463.660331305161,169.6611450311014,a
471.05345678088946,207.8145183582564,a
546.2702779667131,192.58370514535665,a
553.4471233672866,190.55399848787403,a
531.4031658014743,203.14564407598317,a
519.5431281274207,252.04457748796167,a
521.5606753522133,166.62088319371082,a
511.75568298320974,181.8388137993868,a
535.0200243744009,142.81555475379156,a
491.7491945452229,155.9344288985688,a
525.0053893500028,169.36420783618473,a
573.5762768596294,154.80598690209843,a
569.7193309863168,161.58192875872362,a
550.0045741681314,143.12175666300033,a
547.0960411305177,142.5444478497236,a
503.8859806854497,124.4328100156298,a
569.0934624036124,119.48312411049045,a
581.7761732382802,75.87507432182377,a
569.3284927250257,70.95551922675634,a
557.460452117855,89.25753141132304,a
581.4794446885097,111.9685051777135,a
585.497928473332,76.81327759185149,a
584.9519306720177,102.6822981269396,a
589.4252018770616,116.16382986250733,a
603.8863539213393,139.4458943025071,a
649.0272341255868,71.97525699283881,a
588.3916630385154,80.94448309471215,a
587.3669731060799,66.59436835960037,a
613.6816884941331,98.32530487643805,a
624.7368612793355,77.13462441407705,a
638.6889633180323,68.0997020955653,a
638.2382795334003,39.30169862078617,a
621.9307289150611,74.9039625796251,a
587.7891396807665,69.1207486032244,a
650.0385511493047,29.284897583910663,a
580.1304462549809,90.65459038046419,a
607.1922856683938,95.93288894333256,a
607.675357971976,52.76845102278389,a
634.5402508448982,23.991983595393947,a
619.7169462305368,41.5140413093103,a
664.330313140561,82.0255791717666,a
637.1674441470407,71.29776970682241,a
663.7818070107804,44.68216375423236,a
604.6738308988063,93.36849405522912,a
640.3534138163436,120.08510494192473,a
650.7890448276524,56.06480538739504,a
670.9048199775544,54.09886253305757,a
620.2150594347854,45.030510955660986,a
643.8065299280024,36.97339656103401,a
646.7081134492602,67.57555956596468,a
644.4385950741729,131.68953348625888,a
639.5089204680253,44.894982620061626,a
627.547266680732,92.8631012318105,a
640.8104337835861,112.44400307237663,a
629.4072907665507,98.99973822617534,a
580.1543680826627,97.4575917479325,a
617.8527916247729,87.90182089978703,a
624.5228257210123,84.34304881879149,a
592.8353978233886,106.51575511727447,a
589.9608872933775,65.3706613766276,a
601.5447232108859,150.18718082884584,a
588.3249594722938,99.13409560719674,a
600.2627160881933,94.97411159614029,a
572.5232671715273,82.61596371414424,a
591.8315162255822,104.37897683900661,a
581.1470175165248,124.50999938069845,a
522.236879693739,143.31091990502807,a
552.4716416478007,178.1427729387696,a
529.5483237592895,181.2906269810797,a
534.7884547025724,148.83855965070046,a
516.3725002163867,159.26432446005947,a
535.6246845716176,129.50098442865266,a
574.7620816704532,178.59422230832797,a
557.9481281224764,172.99629083314596,a
567.1490870971659,187.2875611650378,a
561.5151469815208,136.80014197677866,a
475.97385135866455,168.1869869088552,a
480.2933280446741,206.53909061275704,a
584.3104922865881,217.8224623932897,a
537.8086921704484,143.43146740711472,a
591.9335958856468,148.68650017169512,a
544.2415813020652,163.30786483336863,a
510.1377048409163,114.85019189179906,a
480.2878118939587,193.9113883735705,a
514.2184868077868,168.99389730809247,a
488.33695662624814,169.5809605087033,a
471.76723664396496,158.72005028278977,a
471.53240565250184,174.71379079230587,a
489.645347905645,209.92325254965124,a
450.04183305329894,210.20546216236164,a
484.1968598549207,143.83491021358202,a
474.08580815163896,162.73434764437667,a
460.33409846771724,167.48327252801124,a
480.65959333329,186.20618664773156,a
435.1661883224607,215.8264941243101,a
459.59302830992294,177.02936764888904,a
418.1664346625194,201.85336222993175,a
445.54399197479427,251.66240715913284,a
416.7215801701322,227.45392451310892,a
405.1376857929244,201.68767032331937,a
401.8833830275675,245.05530462607143,a
394.6529719956224,260.70435362687573,a
403.370557891565,255.21693443599807,a
378.00004880291834,229.9555354246067,a
396.71250853908856,250.55858241770343,a
371.5491624954951,247.3721154923114,a
371.63313149196983,216.89841528593354,a
346.9007229337119,256.6659352163218,a
356.1826457834295,280.48545010077953,a
364.73350768927156,279.5607908692881,a
388.2862906644135,278.5221550466283,a
411.5949701616339,276.4601673177007,a
393.5688253664505,295.09780095197647,a
373.9260092117132,282.69802834427713,a
346.9634858091219,257.3732735402876,a
351.28213450995077,279.09473012156207,a
342.3940128686256,297.6510239383846,a
347.67115119177146,307.0770821722906,a
307.07394154989214,319.2023739801007,a
361.8889459329039,335.8243176871225,a
338.02480616995007,351.3386842979484,a
347.3447356484073,327.1035134687178,a
330.87310036225,332.3709379792535,a
297.28066704524866,289.1267311383964,a
304.9845622630961,316.91493476969674,a
336.9221337858269,334.16699454221555,a
301.79160111623185,303.0373955749328,a
274.04246182791377,330.53222821012344,a
251.3150425699532,342.1382216689427,a
304.1731211074388,313.6012342268582,a
319.98166478143554,365.572889352547,a
331.999423855979,335.27337616251003,a
283.0790409090745,343.65993349328403,a
296.94437569041713,341.811070941111,a
258.9197618219825,401.6842227078845,a
315.13767201394444,350.0144834086136,a
256.4859424693224,331.38359929085556,a
275.4915213938801,350.6223756627404,a
274.57923172388297,367.13457686849654,a
283.4919658115941,352.12137402473695,a
282.5796039381097,357.95706128603047,a
297.943594778231,349.65065662828,a
277.3432316046586,339.72874179583835,a
269.5103548177575,424.1983116991318,a
264.1173470417496,320.3821321810668,a
262.7077213832865,331.3274221656347,a
222.6632436978724,433.6189672579537,a
272.58647592801293,359.0592881285711,a
294.10907516039816,375.47659390771827,a
183.25163671998905,360.37692473818385,a
262.53376299867125,351.590213645151,a
280.2591650794113,388.35038444633346,a
271.28786212584964,368.6035672028073,a
236.6050778322541,414.9242262146062,a
275.9829775968975,370.874893963261,a
255.19680974329907,342.18297996380636,a
266.07174554685383,398.5914454848468,a
214.25676356913823,371.02281570272373,a
301.6930110448312,329.18906889200855,a
233.32554809907396,372.6402687972268,a
212.36003992825462,380.72759965718,a
224.7512222841637,342.2581127298298,a
245.0665707714199,350.26398799503585,a
259.5118104065114,323.0773462910214,a
219.17643705648752,362.88997245852784,a
202.58860240138705,382.1606553932312,a
179.8013798557095,355.6290866556592,a
150.91207403854278,343.99236300304017,a
227.22954377579666,402.6206598877926,a
192.90077487917554,372.0284441548644,a
175.3601912629806,367.263657583963,a
222.06091174116503,351.7000736391882,a
194.0020802652078,361.4199017927321,a
156.9554374438685,358.7786413549975,a
165.63867495178567,362.0025793584689,a
140.0273437872034,402.18391678579417,a
199.11815221465852,400.5014732719748,a
127.58556077325994,402.41491120578934,a
164.07499283637708,400.85342099781855,a
141.36540636432557,383.24015440567734,a
190.53514634727358,348.89646484041646,a
198.11191051243148,381.64117982577784,a
174.80097860904272,374.80797295173664,a
200.01322407730362,414.6223415808662,a
201.63651283988213,375.62410658418355,a
197.4148490219489,397.91998873308467,a
200.05302687966088,380.4134722593161,a
196.94969973581445,391.3676783263117,a
202.01224075188807,414.1725349524586,a
201.88072654095345,371.39945941057425,a
177.10298020002944,403.7779952694878,a
186.5975601046873,437.4387177660638,a
223.55792179073566,438.38798397713026,a
236.59865007892893,379.60159151067444,a
253.96095573574058,352.9184081453492,a
290.39148090800256,389.5350062188055,a
244.81045167060148,393.781961801528,a
246.09884339047798,370.20901703511265,a
294.9332826006597,440.04240026326227,a
246.32074626509393,372.85755086933,a
259.62026954991427,430.760030495175,a
267.79560247412286,410.48947045876514,a
247.50507157553912,414.5928669761094,a
273.70202358135316,420.0009994435271,a
292.72404691587377,414.0129775834538,a
305.04610853981416,439.6589281869884,a
241.9926537224839,414.73091771284163,a
287.34487714676555,452.97225041976253,a
323.6111076799254,452.28080401492747,a
276.34359817905505,416.9215495306863,a
345.20692356465594,445.86113288061404,a
292.11420374277554,457.87169030315806,a
297.67199334689263,462.2019138520931,a
315.97291461951636,522.9735329926311,a
331.4742489988636,502.6037493520565,a
366.3431076145665,499.0988175544089,a
322.41279307788466,481.3721184335821,a
328.59780840096636,493.7813378395852,a
340.3177991059528,502.58944660427477,a
307.84125123535154,501.8768974458869,a
331.4288942351005,469.5058718369193,a
329.60513030617074,513.4847421322232,a
289.3823461598254,488.1109274157355,a
326.88713296103884,441.9312343966981,a
638.7895637324948,491.5571840206922,b
641.7222672637456,490.5167712107442,b
696.2740183488735,455.4320437526403,b
662.1135300175998,446.12089259479245,b
713.5411184502241,459.94990393955885,b
704.7616912899397,438.51590383769513,b
679.8884664657619,446.00509792183055,b
700.5238217290441,482.4312567280437,b
736.2827581755535,448.35907886748987,b
682.613126674301,452.5162750148407,b
688.0550434719281,500.25628110647347,b
674.0298169631942,485.0149989371036,b
678.4587079280813,476.2315248260278,b
677.7388875045649,454.37760384880636,b
696.4704631509286,457.40283602307244,b
617.2480120645553,482.395844532107,b
599.6826883145247,420.98132749002696,b
647.8032623161656,473.1302433170973,b
582.286889332515,499.04815731691974,b
566.7491119957185,488.7545775957282,b
595.0786779911467,496.0643249747852,b
535.6233046849584,484.62562921335746,b
632.2993539752765,505.5279647793375,b
604.4511640890283,457.72696430783503,b
620.8978229796467,472.13617872231924,b
661.1286663358882,465.5154125879828,b
616.6790123562687,507.83076165577137,b
609.7996473477441,488.8076402042021,b
623.0964857428082,498.43924240440333,b
664.9653837033065,470.0409311886601,b
662.5118898900536,518.8023940392025,b
653.5299078994369,480.30361068543925,b
628.1862112308867,463.63506226670825,b
658.5802761823201,513.1505208849031,b
642.8871970456278,493.35374268104295,b
639.9519389906818,477.75253673809704,b
668.397951225856,484.8386108194739,b
667.5705460330577,456.2486144505446,b
635.7633153743753,492.31021118587023,b
664.6944910709243,494.18598813039824,b
628.7433133508924,434.59408665850026,b
614.2418486677416,484.39743996660576,b
590.0761510988265,450.0277314648556,b
548.7071810950048,423.32166432228735,b
570.5129983887201,455.7153719515125,b
518.0179459256121,435.6949692775483,b
465.98381776992375,444.9865801921874,b
462.0057379640879,443.49749593400014,b
471.9665129487928,426.74385418730174,b
512.5990501697804,420.4564994379793,b
461.3673815470613,398.55721301564563,b
475.0829099687217,418.2335618961352,b
468.2807404695655,431.2133157395137,b
462.68632092104883,425.8851446287272,b
437.4413216567898,446.39491900250175,b
438.4201195940442,386.7612826602698,b
440.077584276769,448.6546076156033,b
406.30065260376915,439.1708481056452,b
441.8195623858629,425.26869622910795,b
469.026553341959,422.6658852913306,b
383.95990485093137,407.57877799273047,b
474.3430949990636,427.31471154650825,b
414.9722441768208,446.3372035722258,b
452.85871805667887,452.230706148001,b
389.7456693011731,473.3267464999558,b
476.64926777748485,474.41451081470643,b
439.60553629055033,425.39440163753244,b
401.6610934737797,506.03476740326306,b
411.7993097512601,504.6776954074122,b
454.6056128636315,460.2656797283368,b
457.87098121243696,497.2195097210071,b
496.2289167654992,498.68044131098196,b
503.06408875614966,478.56201684500246,b
527.1586975818443,459.72730853115024,b
577.4405479110899,510.4205429748608,b
530.6552799640839,464.3235855180543,b
523.1144899234542,522.745703641035,b
578.0706388567922,465.87518286930634,b
588.0746616062839,456.2299554320722,b
587.8293153825553,494.04002951515116,b
588.8716523814566,520.7728849745233,b
591.1158244925207,513.0809534951167,b
594.5258646829059,499.30367460002446,b
630.0857256556876,485.9916684312415,b
614.7469812604651,440.5731738797105,b
626.626814895911,477.4345179668662,b
652.4798127070612,474.64537427315446,b
609.8789103260252,460.99834852272414,b
630.286609996269,467.5123481486091,b
594.2045533623862,423.1668524185062,b
548.8207011070378,486.58817999785236,b
564.9166248770049,478.80492152496,b
497.56245209109954,467.0020504228913,b
486.41921133630433,460.05422711287656,b
472.8455420521245,487.4533051923986,b
489.2598351110244,465.22450183815573,b
485.25014175297474,483.01978827891116,b
472.4428491922679,476.53663964362437,b
455.54049856436114,466.91447828606863,b
458.82732939383106,457.3308022327483,b
451.6892312730938,464.8440169047085,b
509.44588010661533,420.73152165541165,b
466.8877934423391,416.7827472487384,b
520.735483762048,435.93458140131514,b
521.4404367950244,401.9452048269841,b
510.04084105471406,466.4413590193957,b
535.1721093068846,438.1746581129833,b
550.4090840225496,481.9874238581987,b
595.9846153477241,411.60956042030375,b
565.6431799369052,482.05168107471997,b
563.6240825123316,485.6812772417815,b
569.4927705602753,475.3744005194316,b
542.4979584666327,518.6108057941029,b
611.25302579401,449.50167419854995,b
571.1947967656639,473.4450054976575,b
620.3671454951541,516.4978780886631,b
549.9691759876324,469.2973811766937,b
518.1272142407125,456.3104885801838,b
535.631010673875,442.91267571302546,b
513.5685517371564,481.07663437455034,b
489.68016412421787,469.0101210306011,b
480.25043080709963,460.2269416062989,b
531.1860060591764,436.2142414317765,b
543.2900023163972,490.41643755864635,b
509.98644320651727,455.40471527790146,b
595.7028311399232,501.6963109803015,b
621.17819732305,471.3576357127615,b
561.4868391467454,420.1312223475545,b
591.3576852329069,463.3244960029575,b
546.594097547282,553.3248831552773,b
598.8845102328701,488.8817926325174,b
623.068130190151,503.69060441811376,b
661.0945899207445,484.99522254084707,b
621.2891802213974,493.5208062616284,b
666.7418466046636,474.5660325182193,b
678.7852112054,500.73817217427916,b
685.6170683687184,493.6576012683814,b
735.8878685159605,467.35151608649903,b
711.9450510239997,455.9993565102135,b
682.1467200217364,526.2829066266842,b
744.5446928692817,496.1235905835847,b
703.2781361189918,489.94392032070107,b
723.2435199436487,486.80842629871205,b
730.3083474137388,488.3411375171582,b
660.5784894235658,465.41567393340995,b
639.7627351085986,402.1256676487003,b
609.8646565566225,424.13430049911426,b
604.7266277959556,424.3082878661759,b
612.3516219912216,424.6081035325164,b
658.6148993160414,451.1830821375652,b
718.8723004364947,439.9731033055361,b
721.3655205191974,417.11475405853633,b
668.5344909451744,448.7324996087513,b
710.2288999043739,415.1372209221228,b
698.1758951619673,436.98513863118404,b
683.3795480982888,460.0395262676527,b
668.1229865041081,463.3195908094249,b
670.1975461034134,444.65202647103,b
680.7651248776717,433.86275746466083,b
654.0302099646392,425.4666050543104,b
635.7975993899724,454.4227950244392,b
663.4288748580723,412.75077140442806,b
558.2519922471905,449.44238849681403,b
551.9960605800333,424.27906948723796,b
519.0000395001676,468.2576231170086,b
481.0412290448352,426.0368170486355,b
530.184352852178,440.3565375039494,b
526.954825509221,361.70219223699604,b
472.7077090460257,408.99469660297575,b
475.43939439629594,363.7478544802667,b
465.7931601670943,380.0097371990435,b
507.6058045916234,417.7863020413248,b
499.38234967877287,399.9834586240392,b
511.27996353667146,376.9692087642105,b
482.3765739208381,455.6037306083066,b
494.28492565323245,402.91147550786377,b
427.6633433281538,383.4393636706594,b
456.7199310976642,421.4303928984889,b
516.1003755758521,384.3600548306272,b
572.741788641338,392.4077957042937,b
589.5218228706959,362.80809626109317,b
567.6017436662964,453.92643359613965,b
539.6266415000352,414.17386237416224,b
537.2207187797724,431.7201172079107,b
585.9586738596537,428.3420742824535,b
619.067291463701,376.1142060993235,b
591.454199092076,434.9189411992619,b
646.5093506733139,397.56549998427204,b
683.950789651221,387.9571480056874,b
682.1267404703653,431.0115808327059,b
658.3346795686006,377.16655915215154,b
667.3694689320772,410.1022829281061,b
642.5501269517458,401.2037876173341,b
669.5481787206052,408.25726703007086,b
629.6983538656258,408.18992815680303,b
709.7236492515625,416.378561115064,b
665.254407962069,417.0665759519827,b
687.4047706784829,435.47080285646786,b
667.7567011611729,408.65723300523274,b
686.0807525276647,458.5571103937675,b
693.1201671005142,417.79978637199827,b
672.3551515710952,416.15454362354575,b
671.967220440228,355.3609975565556,b
615.7884110961173,383.9872156463998,b
572.6702729600794,396.36820324232195,b
578.3362214250625,380.09449041555234,b
584.1579039170445,388.77830353941545,b
564.3401955573663,394.8512922399887,b
552.5916710846725,355.46791474066214,b
514.0616626724335,375.75204572718843,b
539.7650045436187,382.64720611732173,b
513.0780952435007,376.7570746562103,b
555.640807605752,395.44484569998815,b
550.5379194043167,375.01059918681574,b
529.7474768111672,393.53111832563184,b
520.2093519692971,429.93504835262286,b
530.9981633125291,433.77049679215355,b
536.5652469752948,380.78928334011874,b
534.949733508383,388.46441754243097,b
540.6319495936624,408.5740122551417,b
537.0297312188111,455.61141432471874,b
600.9084225411067,416.59239641165914,b
553.3780568516831,457.19910201592194,b
551.2370032285249,437.9591289801588,b
565.6302189574945,399.75694586988885,b
515.9073674009494,403.88317051057703,b
574.9384005666016,387.9552700086545,b
579.0856205980514,419.6727120532837,b
538.7432745968001,364.1729446975577,b
535.8543502811162,385.03058628569005,b
564.5219080560935,389.4924225854558,b
570.1590160531712,412.6406341667224,b
536.3933114147517,459.7841489880244,b
572.0213430163228,431.7545409728456,b
544.9415469842316,434.59467264817755,b
528.4662381114919,431.7376448908118,b
549.4960411514651,427.29348210626415,b
594.0378633680866,429.91303562036524,b
617.8743541125605,369.3871789456689,b
598.1287808645733,407.0892978303317,b
579.1837112835632,419.03498425951074,b
614.0537878857764,422.1040272921815,b
592.0283708122766,451.89892870296455,b
567.9073798681203,381.31108338923525,b
595.9426248983062,379.38939610829635,b
595.0580299590237,410.4613642371737,b
617.3783748607766,435.2249365518988,b
614.0843660698239,422.967116933983,b
605.4065832341904,427.5834004572364,b
611.1351386291167,430.36633897603895,b
617.4226772538334,405.81930496938855,b
642.4970050652717,437.38558425923776,b
639.5763455661502,370.13147478822043,b
644.8697882396643,407.9142202409514,b
601.1102374504438,489.30015786417783,b
596.8692287674644,472.8933523132717,b
601.0400944150829,429.43891109893707,b
646.6128023603104,513.4007504446271,b
606.9863501270182,422.92692872774194,b
675.3288503566444,457.7256890568321,b
631.0724237097957,454.3005309187815,b
655.5091276720073,482.6106993513661,b
629.9014946607679,469.3289231533154,b
593.2954958348911,496.184722791589,b
638.2153250292965,440.243944288252,b
665.6657074701802,417.2715566330378,b
633.1531609511724,450.7449010408612,b
685.0370030206373,424.84787371736786,b
671.3309346516489,451.54607174131564,b
651.0184683772513,423.8342687041467,b
651.5140768636974,371.61208455258026,b
652.277277769549,380.00737616900403,b
674.8726068599865,385.9828872551905,b
654.756002249054,416.45529932233035,b
644.3534680583418,429.2514806858764,b
660.561383975921,395.691735138563,b
682.466339971729,401.5456152587889,b
656.4072865988181,382.5604347431099,b
681.6574987747836,387.4235296523463,b
674.2990396458963,400.7310090406151,b
664.3010096366478,407.52612232980715,b
630.4071792675902,377.7381970392538,b
698.2684046878398,401.48590033491865,b
697.2443896745357,394.926991671403,b
655.8662471743654,377.8323098177735,b
713.5733887984447,378.7232415198878,b
683.9204681522597,371.13651522265457,b
683.4173248939712,360.7680405645628,b
733.8191422719876,450.6935124474942,b
683.7523152785715,436.6865650955493,b
690.4906808397892,429.65172300990054,b
690.0988547795157,411.02462292935536,b
715.1952287697733,399.3839591206154,b
661.7163860624211,386.5157243131335,b
703.1777531208573,383.63176215520923,b
693.9714178107797,374.35468596012265,b
719.1355009065877,413.4736051254242,b
685.5822515659862,377.7830546326716,b
720.1858757494551,359.46339686280703,b
696.3258692993127,324.87572728081284,b
712.2267618568703,331.66006496525017,b
722.7006549226961,348.17485514421986,b
698.2952037026236,335.58432043231323,b
734.7595130124545,296.6803726840626,b
724.4056416899826,333.71046925522586,b
665.5362582071659,352.7352502277826,b
698.263101157369,318.60704598319296,b
678.3760353968124,336.1311106378515,b
695.5174814505474,343.5599913113138,b
655.1160624941579,304.53294772749757,b
608.0528617286756,324.41530983083436,b
626.2126972971356,306.9552329181646,b
583.8261034916948,331.86836900701076,b
651.7219549234776,369.35134172710644,b
671.162621663556,373.9575994780509,b
650.5272629403105,405.89490088035575,b
611.8894731295271,362.66577168572553,b
637.4321507059926,377.0310176461108,b
660.0487562979206,351.0332589522812,b
600.989086483739,371.11450391161327,b
643.9293494418498,408.81659130342507,b
624.5568155751133,391.87145427708316,b
611.4624393581508,402.33167221546336,b
660.442308758521,424.829461891019,b
630.3443090509661,415.18770078493077,b
615.3895324613052,415.0845031154922,b
647.573899504759,371.41915205936095,b
578.1224987519965,371.7484142570857,b
572.6466241798777,416.8774423265845,b
676.3506609553481,394.26576526165604,b
599.6424516327713,369.1600015881563,b
620.917594417929,341.873970752879,b
641.0252577554619,332.0350886237658,b
683.8207446375704,400.17195119027906,b
655.8504038196727,386.2272746223578,b
650.849209804529,355.73378661273443,b
681.5239393654296,329.5513424329996,b
615.2030422457738,333.66794055705424,b
637.0856926448314,340.444320369033,b
636.4876722561762,347.5781397862312,b
628.060310235854,315.22029248766273,b
655.7916176136608,337.7650005171172,b
653.601537108678,342.1353971536579,b
677.1519216598871,282.98460987921,b
657.2915620460014,381.4463602620601,b
667.7942657777425,381.6471317369992,b
705.18228163653,378.9515644845119,b
692.5722721923825,374.0957259620086,b
676.6333468035125,333.32682789553274,b
692.8716972512008,328.6427737389182,b
707.6125833484411,384.6958931378938,b
685.1039803110523,401.13617063641846,b
692.4907973520466,359.731015232717,b
702.9255000305939,407.40299162611643,b
668.2485730368319,358.15543905842765,b
691.6318797057277,377.42586413899124,b
675.3806232053566,375.8267333367774,b
660.8068951066326,398.5501534453021,b
657.9969811406751,340.09534261368657,b
599.9435084964065,316.1104729889257,b
620.0423105266765,340.54630698542303,b
584.7762141377306,362.7959760288703,b
505.4763096815575,384.14838948159934,b
543.6588080142837,319.1289296554596,b
544.2427855237581,345.70689228488476,b
551.1176090377925,372.96649323427744,b
554.4141088286867,370.1481488804753,b
545.2513973495131,341.2458594006483,b
509.70625515750595,360.67912405715333,b
573.5019022492136,367.76166117141906,b
575.4674576745304,347.35727953857906,b
576.080416586936,369.6725069393348,b
523.2888952491402,352.80284912449366,b
569.806374322793,372.4183911454988,b
577.5998499871611,350.3693892896664,b
525.6108151475397,329.52287887027813,b
546.955294190455,294.5909520775175,b
516.7007800077189,339.81676254961263,b
586.8753732218648,378.0492615342291,b
557.0097968707202,328.5804294307062,b
587.4665798323052,305.7895251108799,b
587.5190442333057,312.94176277311976,b
539.8330565565103,328.17677713145576,b
570.5968771033449,353.3666020569675,b
584.1221232186198,360.83644784202556,b
605.9487361253665,380.9078573819045,b
616.120362842763,370.48578614800704,b
601.465892083075,341.8986174490583,b
625.5452562142398,399.6722871173153,b
644.8739358355089,364.27700433449115,b
575.7381291382657,359.39888091297394,b
614.5508692380474,366.73800968161765,b
647.1430363378242,365.57040452898934,b
654.3049884494916,419.5755334258798,b
622.0209602448147,380.9948359456094,b
627.6296696224005,383.57298784899956,b
647.5164319595159,402.22434929398867,b
546.5221706312232,368.31065943747416,b
492.11581488538735,360.9242385187629,b
464.2735870520092,367.40821158574306,b
483.3185685373086,400.51233205915094,b
475.18826394820377,343.51734355721896,b
437.90860743334406,340.3762950226902,b
475.17646407391226,357.66120829952575,b
506.2890838346688,377.70196294760217,b
531.6333390025962,393.6243095082871,b
465.9048011274503,381.75745530278107,b
521.0332621226589,402.42805013535184,b
507.299186597149,326.21190875526617,b
511.3293065400737,355.27816658083054,b
497.3576764741669,375.64632301704324,b
509.3651034970402,312.8054862509631,b
495.68786863814057,278.550983426476,b
501.9764939080064,317.47938304300703,b
464.72459288126606,281.3680894734749,b
500.4446766848374,310.3194803431374,b
440.1085123089703,280.5060663624635,b
420.5943358892464,270.37477619638696,b
445.9344956032754,249.71796150876733,b
530.3680211926851,276.60173924529374,b
427.01599067901907,249.3924588486357,b
432.5886878958655,252.795902911434,b
437.06040593238686,256.8826278961274,b
437.8235675661126,242.95514426234422,b
428.8229744474544,261.99968291887217,b
393.63911543661635,255.3857721578913,b
446.1469210512979,268.3142020377053,b
467.93325586120363,240.6734700554008,b
415.8017581623058,283.66552358366357,b
458.97087271288694,249.3772205460886,b
470.72331165467693,215.39826322842964,b
449.32566713345386,295.3664265799058,b
505.8453584380418,289.24355661822847,b
491.5498422914811,318.2665959402858,b
512.0051782294898,314.78176717859594,b
504.44414722817714,282.3794375206232,b
491.686323584225,279.1705449972501,b
558.1015812303467,323.2772772860985,b
480.1713957562845,346.4692314916396,b
506.0392740102584,337.95320703128044,b
487.83425320988886,325.79847466191904,b
513.8716073537995,336.00775891170326,b
476.2518547157542,353.7501641463675,b
473.34861808952934,361.12626765403957,b
475.62885933059624,349.2011709707137,b
441.405176769246,312.61149654533716,b
479.81522283423567,289.0975867283774,b
471.76031832692365,269.79958828423577,b
420.0064993146783,335.4114167965627,b
466.6634752914137,297.84994252446234,b
424.0759408537746,316.7722359698391,b
463.7689240785901,268.53320447439967,b
464.54685486848047,347.63939666947397,b
541.6166120023652,313.90734537661916,b
539.0386163612221,337.4517792833754,b
484.6445554732206,322.88337575646756,b
539.6089043055063,331.2406009177013,b
503.62041110087426,369.8467144976251,b
492.78270685624176,343.0249620196266,b
502.22804658568106,318.9092234836621,b
541.3072814578418,350.07048178314176,b
454.13342734041174,304.4511911327076,b
473.0253249980786,301.4289508289788,b
521.4606433335717,293.9282979315186,b
466.30244236117534,288.0424300694505,b
482.97567155703354,305.199043302875,b
513.6022790725331,292.1128750659818,b
510.99172464349806,274.01236285622775,b
486.80098266017643,327.89177101018385,b
483.46070889692976,227.03905633701453,b
501.94653883486484,277.63904912663395,b
554.582108829554,263.1470143788242,b
523.9224157050631,243.4254439982435,b
491.02962647387193,280.5225572820189,b
495.7837947584862,251.02045883684158,b
553.9714541170553,310.63801875494505,b
591.502514652202,302.6558346491478,b
502.13070757776995,317.0712389884154,b
557.7837198562872,317.4280369770038,b
542.3018774699242,278.2173551721864,b
535.1669251960326,354.70625751998216,b
584.628661333905,335.4202105574001,b
560.7149913464445,306.6734773751582,b
518.966650846506,331.82954433834254,b
545.7499583705579,321.7188134985216,b
531.4869882968562,269.3548859376383,b
545.408464046735,278.70843873394153,b
490.91431922822625,235.05452118738123,b
522.4964007462328,268.8776674618363,b
529.5126455177108,239.07344096652042,b
478.8636021275665,214.56206244596603,b
491.2366791413195,216.42347685014767,b
540.2150369908094,261.32135256800177,b
499.4041544052067,237.38307398028462,b
481.9705829631682,189.61390004071131,b
466.40252266785853,205.71216284505158,b
501.03736228778973,215.83498606752664,b
481.8281467920212,202.31865728870446,b
460.50731508438696,202.63341309034354,b
467.05238126460534,182.67701787119205,b
449.59259410901194,259.41885774108823,b
417.182240723188,251.35186147622542,b
428.27108222871493,258.93626878936436,b
420.71157270251626,229.61807853531536,b
421.59430351258464,252.52569248908227,b
407.3705938833973,271.7223680417574,b
441.14220913056505,279.6804702703562,b
359.21349568337797,302.6641195157724,b
435.17295950848757,237.35633565047294,b
388.96164306194817,309.199657857382,b
394.77215724491873,254.69639672967344,b
388.0387492971392,269.2760728677508,b
442.88375147029365,301.76508969881377,b
406.8525158935173,313.69973759048395,b
441.29544047097164,336.9935879191436,b
439.29752330376596,308.4510529416897,b
452.50233002934175,365.8227628820657,b
446.100267573367,337.7119153072709,b
453.1661595142763,311.12506602962327,b
462.9722101758311,300.68042677191056,b
421.4156164137716,357.7328864120451,b
454.1001132589644,360.36930959586823,b
465.34826354433284,388.23308491379476,b
455.2125751447564,362.5591926459258,b
481.0297144009633,335.0661764861551,b
472.3197783259626,325.51498132409336,b
461.4456692146837,381.8447331991058,b
467.41132182159544,340.3170871334154,b
501.0423637325436,385.8686571276268,b
429.90197179472193,380.9183061714439,b
438.45987370352645,399.853701086788,b
414.8412100327189,366.26671818642455,b
425.38599560480293,329.46303605281844,b
460.38517551376606,298.5514723327294,b
409.0550981210694,311.1273648822704,b
372.13231259266877,290.36878135591894,b
444.6618483198139,329.96040334365074,b
385.966560798779,316.3242745958378,b
371.11025103877836,318.26430722077475,b
383.54843879027584,319.10160537997024,b
402.1596679009778,299.296612236882,b
446.1429395545586,299.38706432998697,b
437.86623104077506,240.33332985710865,b
501.7773068039612,255.30009292245998,b
531.7068671328133,274.30500374570147,b
552.9716305194643,254.88952880247348,b
572.7249249100349,231.92070481779962,b
555.7160891488094,294.1730902257032,b
573.9468856026375,231.58429719891865,b
563.9641715005492,303.0573169453267,b
570.6734829107273,265.0540665706824,b
543.9529084154029,247.36646515442396,b
534.9799528848373,306.25224493894126,b
629.5754152716156,270.34838013561415,b
591.7388940876277,323.8883105436642,b
575.1874802852675,314.31385799921725,b
548.6375523315104,285.1661663509941,b
624.0339978935452,339.3597834443892,b
556.9162539253831,360.1287418631839,b
602.4648564802706,309.3333455083251,b
575.0027640519706,303.6912318114072,b
371.6187587371556,96.85612398044896,c
339.81841790833954,118.18417480176896,c
358.536361738667,105.89918875882523,c
342.37375733814855,105.85603113382331,c
380.7223849118644,74.39414799181952,c
394.94706665680997,142.58814226675793,c
450.851047998592,123.3437240314376,c
443.9049942132749,135.42515508118242,c
528.6809163078128,112.07630829839678,c
518.4798295068287,142.15847688752632,c
469.73915034360624,186.5913178061034,c
460.93814634040547,138.4802937769001,c
510.678005843569,128.42439778357948,c
553.8296505510393,150.05804295622477,c
514.3691598501873,134.61546813098727,c
566.9770269681659,110.4462405262554,c
534.9072920272398,133.39567293810848,c
541.039415337933,142.72901273106794,c
547.4680044599771,107.60986567610314,c
548.0176802274665,122.32725822854832,c
528.6196689750782,83.15370590716293,c
565.8194230240783,100.52101237530388,c
491.1007359627341,136.04504540143176,c
514.0160980193152,54.94770361360486,c
499.1900031223448,114.45031937338132,c
474.86283891901616,117.76001871342413,c
492.8372679695405,43.899093283129105,c
429.106240085749,110.3079076830864,c
427.1489460367933,92.80997365553077,c
443.1859188431793,66.75671998482358,c
432.9293594231144,52.07654721679023,c
470.0620320078295,70.54779287144748,c
403.27382668736726,96.7258560595427,c
433.76204321010005,90.96227332678939,c
448.5967562780784,64.4330539081339,c
500.3098080970445,64.9922974043156,c
516.5667723620865,40.08102693104473,c
575.784344101483,87.69403034641584,c
605.0374972293554,90.82517855016198,c
625.1794324439213,76.51775971455692,c
572.8951929968364,126.71938351049641,c
632.5105588181855,92.38745212292872,c
574.930419569848,49.02886833229684,c
592.640621251438,47.84877899873345,c
580.7425154872174,40.1831711432643,c
637.986015374793,43.61502461769459,c
622.0382046278252,18.751717569582695,c
585.5679519460706,46.06842321214771,c
673.4964639472573,8.793088256738201,c
656.3865568443634,-33.991608030728116,c
725.139289646044,40.75201486509144,c
645.1952148709863,21.087315871709052,c
706.181666471372,-8.644292651659782,c
672.8110898003523,-2.0146943184433326,c
664.3521788175989,3.830260374724901,c
695.2328333841608,-32.3276384196555,c
644.6850948141646,2.3626066556968226,c
665.4009701954741,34.64059976546031,c
656.1603103146159,16.016390677176105,c
699.1659191579649,13.462032853636458,c
642.6478048958062,29.079738244890052,c
647.9748893086537,12.031676775067012,c
654.7593349082364,56.227730721843784,c
608.2819381338245,52.49611790699936,c
577.0429803180633,42.79500956371612,c
581.5318974516005,55.990886480595634,c
567.5596445627511,83.0877638159181,c
577.18303051158,80.71737533623036,c
543.6389788315753,79.22721452043959,c
513.9363773856652,105.22220970639626,c
546.7421049731789,75.69848590209477,c
512.5060124180925,132.46975855641944,c
508.55813724517157,69.5866399418885,c
524.7039997185327,124.85208013134809,c
482.43486631096084,151.41203178572982,c
512.1987739830267,116.2281089012551,c
462.81730653251384,93.18750369085541,c
513.0134887165863,179.81794557845808,c
522.3906875440598,153.31153656269305,c
524.9215825120692,136.80234963338665,c
508.9552469577953,151.18174595058537,c
436.1406396348867,135.04031293657488,c
485.18196080082544,99.18779279057196,c
477.6891958598947,149.5758005458336,c
491.62758859871866,124.833953364139,c
501.9978215425561,150.4873861193148,c
517.2045752119755,157.75569926062718,c
534.3265247290174,122.13105075374074,c
481.66494573105575,152.75178193562596,c
520.6679280898845,121.12692255864488,c
569.8318372793943,133.44560075549646,c
577.3125722360124,113.65502633814805,c
581.2523395630103,61.25022305082405,c
581.9956811263726,85.05549805670455,c
602.2616444447362,120.70168547299517,c
606.2576680449419,53.062953013112576,c
619.740424740223,89.33102036821197,c
583.3123512504285,29.405659404101527,c
681.761252499174,29.212598268739498,c
619.5298358617081,37.37475031823806,c
623.3157202304632,26.967184810538072,c
634.6032758600534,0.059613405971958855,c
629.5499934954612,41.594837774829045,c
597.6676350925588,19.334813945340386,c
566.1971909028297,44.725055524455854,c
466.8646582608248,-10.973223574910719,c
468.4246978980737,16.82417339936245,c
435.6112514868665,13.062045813527902,c
416.6442814479917,72.39339687055792,c
400.096840331098,42.71297166488864,c
383.66398327145276,71.74737556891364,c
426.69048762503263,14.312618898874746,c
363.7544873702683,30.58218392516261,c
400.46683372995165,63.69733595326386,c
384.2345433216523,81.30261902709611,c
346.8345331891975,22.6484116736454,c
334.0291643765883,15.369476121550292,c
405.09046070379407,65.53306805418038,c
373.5391196242129,142.20303612643016,c
362.0437092365362,109.77037520511738,c
383.14439702749684,79.55195240399536,c
397.5346991973962,87.74325928455642,c
432.3582017043738,96.61942390550274,c
461.8595926440861,148.845863334154,c
432.00440332104483,69.69164031225284,c
444.4465051059868,149.20910677571965,c
399.0477761733757,113.05427034881092,c
382.51762132374535,94.53700457150467,c
458.98208748907393,178.322483219383,c
397.0709620147571,123.21293200655163,c
351.785713733904,141.96441443746596,c
403.2418059410651,205.70936527158455,c
445.8526117498386,169.08932145079962,c
490.3718349010681,137.97507947848743,c
378.8922873910988,167.97060650978625,c
418.8267045395749,177.1345326413799,c
468.2175268677822,132.8289196969646,c
454.8994337486256,159.2487635202794,c
398.4741769508756,83.16413358098299,c
402.8874074833061,106.59230763375626,c
358.89480477427554,87.7843343810951,c
383.9016767832912,67.74530364423805,c
369.0962229136358,92.88071922109606,c
353.15135784555457,56.037329702382635,c
357.7937424576364,46.138253106795275,c
333.6056593048755,18.75670566558034,c
302.25846251529316,52.122926465713306,c
308.2964244809108,75.90091914827161,c
315.8796185088847,11.480635953766807,c
289.69766245729693,26.084418871273044,c
319.60507317593687,15.031440314332883,c
327.60468289761263,-9.326008701494743,c
349.21379111708137,30.609103575959296,c
381.1431334210805,1.39863421678632,c
371.74636084478635,-26.959925859277064,c
440.56519112258303,3.5196947918961996,c
523.7672727615612,-27.520027660867413,c
535.5913923306601,34.359733983076126,c
525.0043964456518,-15.148366224657025,c
554.5407629057985,2.5879721009955574,c
605.2911141095037,-9.672905650763596,c
578.3225415569301,3.480701545717295,c
615.4708819841343,45.30967583723793,c
600.3945556676675,6.024042178106129,c
605.586691089057,-9.102311474222688,c
614.2810611301245,29.067749236491238,c
584.7055427851305,53.48985783410228,c
572.0972974895521,72.02795927385847,c
521.6599923962416,60.22656085668399,c
515.770063627603,41.69809145876809,c
510.51956117224626,32.52413724602229,c
445.37594913569865,58.6116884139538,c
452.37170687676064,51.743125498034374,c
426.5845626211305,50.22445284713598,c
430.9418705072316,30.44088424193518,c
414.62472854716447,-19.76968678550736,c
418.9775334693648,83.62755732852872,c
441.0615794316036,79.06120314987697,c
414.26915853995615,43.16256484657447,c
472.72655442780155,34.801940874542254,c
445.8440403588081,60.342780742220214,c
443.18685426017765,23.809349914912048,c
479.74740830548984,32.541549779222635,c
492.8229097924293,35.19478651514743,c
476.3232434482513,75.98169681402186,c
461.657158736259,106.13468708406134,c
388.70022151546993,45.90966945918058,c
460.4211344238347,122.51991332289629,c
441.2204854773327,134.0935811220204,c
479.2140161284991,89.0289860772807,c
477.3831346342293,105.25028393296338,c
474.2101226980356,58.238043402860285,c
450.33233210598996,95.29687060605556,c
487.6716744755264,70.61552550933357,c
456.96776068951186,46.81257941114387,c
494.3746515012622,66.76132691789604,c
472.626587616166,43.93586227670755,c
498.649422391697,44.626797862910735,c
565.189005390949,68.29255571890002,c
528.2425738266718,20.0451260529951,c
521.0052171926969,41.111247631889796,c
548.4731429887306,27.4471129599508,c
560.7540962700183,30.384948472159692,c
472.04916479962674,-1.481587452634244,c
471.7561111788115,43.21687783201003,c
443.0434872380301,34.47944607513216,c
485.5374465110256,14.447511804594228,c
463.7223113282876,-18.47031120772317,c
507.71535167378596,-28.60220677706991,c
526.7938301374863,39.201288264376274,c
534.8985430700079,4.564481765034429,c
628.2286017275796,36.15674172151415,c
586.6737379128443,35.73234349895728,c
629.7099055563027,-1.0943429443862556,c
631.8958267273379,20.867197201367446,c
544.6840393568532,32.52012487119532,c
577.2476506332856,59.00291488440513,c
543.9675356644723,-23.162052659425058,c
473.7274681045312,36.95691455998997,c
534.208422017438,7.480601300549381,c
524.9372736014101,34.237211249323195,c
537.3143548515567,0.03313484186458027,c
478.3063836408374,-1.419613941063517,c
477.0945412159826,24.922515176742422,c
447.2048365906254,50.83038047023143,c
420.28680665889806,16.50006634357368,c
369.59021857964416,12.36180647671739,c
364.72726188332285,28.69385140853194,c
367.99525529024896,-18.849639172812658,c
367.5932781909449,-32.49374811234816,c
346.3235533076001,1.7565886855548456,c
344.5919085023172,54.14030939304132,c
376.55974613641746,-17.3977497252979,c
358.8669576597659,25.139671912751112,c
355.95493916853457,28.572173991751356,c
371.91142789794594,11.925148913680289,c
354.1638710817658,74.1318872169158,c
343.51093848470026,56.40088252464193,c
309.01846300557065,58.70265920600053,c
334.0059036197809,48.066838277993725,c
307.9203521826912,78.0791148553285,c
312.3443952825535,57.91894105805534,c
347.44131713871116,81.74891521516042,c
273.07543977660026,50.2275954270342,c
253.3674141112986,62.63948264904178,c
301.92619071859053,55.10618566515262,c
326.18044804691937,27.943824026340906,c
327.13688795235794,56.05741294590695,c
335.2056982391906,86.12181021389233,c
379.36964947637324,101.30647772459332,c
332.6016272603566,140.27306651985742,c
327.3895047855744,119.43276318178067,c
337.10185898188445,86.38425416263573,c
331.46118498834846,92.31942560689924,c
321.8616266348751,109.11621568416109,c
362.07566332806783,95.38330366820492,c
418.78984629096163,130.6591753458016,c
395.29239325389665,171.91237199087368,c
384.40143841013514,155.23825506116486,c
381.1855350008268,156.26658770427247,c
342.82210377136806,187.5660350325116,c
360.74165830082376,170.88292457750867,c
391.73851535198014,112.59918999296394,c
383.05800563544545,194.50595942243444,c
398.0371891797972,153.32379054284735,c
407.936080310829,176.19363240970512,c
386.19706485483243,165.98131318374914,c
420.5539919986124,162.7496342872696,c
388.8435129359811,193.06808950637264,c
426.4307790422444,163.99762767320078,c
419.84377012961664,179.28441795505393,c
410.74712974160144,196.8420501977708,c
417.3065275661396,153.5298411836934,c
458.68545515888025,212.2033445299321,c
438.09208587172543,233.702342550421,c
446.8986726387407,168.87410205370185,c
484.921891394604,173.7492025868425,c
407.6373276272764,166.30148395667834,c
469.5257874030081,191.15507551607226,c
448.28051805025365,142.34334577857715,c
462.8784986382747,134.54655757846757,c
467.6223187214974,114.15861752261043,c
437.50619161113303,87.28364805192712,c
503.06810753918865,111.80926650811841,c
488.5538035241209,89.93174094710167,c
519.4751753987168,63.18424738511237,c
519.5889200122514,76.74903766974978,c
553.2090073643731,78.90592708455705,c
546.4304856545377,25.075466751124395,c
498.8811810616135,88.57349710170041,c
431.6029310809109,8.626465477382453,c
459.4808723564245,77.76271041604349,c
437.7753365815097,93.23828601880348,c
429.6753496598763,42.45565456594193,c
427.5918310077549,91.8449161908141,c
467.5453071786524,64.00437685117527,c
470.9589976084142,69.69912974856481,c
517.6412847253804,94.34299171567648,c
481.2629192024387,53.33706815995379,c
534.2648152319072,33.45017639634699,c
549.7515170432479,42.622243546649486,c
556.0432201797021,87.40429492312433,c
520.7542864389835,76.2084628033316,c
535.2172259462153,54.64795931585343,c
523.2820177865306,32.587799322536455,c
498.5028657501655,50.7090645667779,c
449.7217482841541,76.2202564365873,c
415.3545309917418,42.13020607125071,c
448.1973205939848,46.09169549847218,c
365.7370444941249,0.5686884125947813,c
343.2894156361573,-16.141520960911862,c
311.59285917593496,20.35306348923251,c
329.10682617092067,1.4225354956750493,c
361.1347925491911,-27.432565442541772,c
346.86682321544316,-30.688343589594183,c
411.1164421680492,43.275422095601925,c
415.4040276275338,-13.620396523686509,c
409.77410530227564,-6.47317272727355,c
440.4016991210909,-44.47686719906835,c
404.8371044460129,-49.392487365747115,c
408.9773498975844,-1.3137832992042036,c
498.93405814289565,13.669203565771625,c
483.3266487659841,-3.929273646398542,c
473.60380621270264,-5.692392458583697,c
478.1455024048239,4.402983487120423,c
479.60643399925124,38.39766867142828,c
366.649327801343,43.55468367753889,c
332.9363491471248,13.110251044815982,c
282.5850196602918,12.994079419818206,c
326.7446205190429,43.84056466576084,c
390.59708453765074,62.84472694825132,c
424.61679405809656,40.952500909680055,c
454.1568895783227,32.6402623573523,c
425.6113299684985,71.05854366403099,c
384.84111144822765,33.413292805202616,c
419.3436356497206,76.33124537234943,c
390.7002504906624,56.18434918693566,c
393.8061836093074,13.427581671074279,c
412.93073149711586,21.280963848164106,c
437.3751542785117,-6.937205965677492,c
501.32347951993495,34.03360418096162,c
486.1394598612899,21.159366683772475,c
559.8970139117545,49.18075331948944,c
541.0387980210422,24.177559013054577,c
526.668649410318,44.308557160898545,c
595.5777968381302,8.475250870709942,c
623.540712257862,0.02631753337311693,c
602.9348417537728,24.21987902718564,c
565.7105377263159,45.532990262247665,c
569.0678180761944,-17.702627100833297,c
542.6835100730883,-17.378549294843197,c
607.5172834501114,45.47057119132688,c
619.1621162221379,8.582441925692763,c
604.4509473823853,0.7579530549306241,c
595.7246770733598,19.22919932197783,c
569.1221927438938,-14.487714507332498,c
577.3912737804638,25.20543972984592,c
542.7715548338072,3.09379848483934,c
590.2806365948836,-5.6683514574065725,c
567.54205264638,11.583581563849236,c
545.6611035134829,21.020373527163258,c
34.75182191447675,186.4573785405043,d
88.98407470156502,226.0593632840903,d
168.65408536632233,272.7085294723774,d
224.01457186680753,174.0895243401614,d
233.23543286777294,249.75520922196773,d
178.3630377752458,190.99294843047966,d
121.15851793810543,175.62053054230125,d
179.09627501790365,171.57738788031463,d
151.93114091273688,168.7891003890245,d
188.0699894815485,206.83480202289815,d
240.53780407160437,237.2714880024272,d
203.10878431244734,157.8737013935322,d
180.57888500790077,154.84571967729897,d
203.46372018975438,186.04641663514576,d
144.82978880975338,178.76278066792395,d
178.66645186022853,240.28482885262258,d
136.6984762874011,235.38793395657228,d
190.69276639257586,218.63723985133288,d
260.77411182153514,191.6151428532524,d
222.26979534363505,159.7143827429548,d
174.59080601266496,180.89150704923185,d
139.51343137775305,195.43943321585414,d
112.66723397018455,217.35844492145662,d
189.78190449243772,215.47429516757848,d
234.2155808292656,199.13684494612266,d
195.0419743337409,128.3916023477846,d
135.45476627234888,178.9758800220739,d
100.687886731285,180.52235367792343,d
36.13040599988286,191.86584164084218,d
53.774088152399884,226.47560874141675,d
110.26474046851632,232.39515649588617,d
142.78192987136924,130.81835469797676,d
103.91713861891802,136.81565324788357,d
66.55568723702268,125.02322190588347,d
76.29201808697754,149.74909517079806,d
165.9476677806133,190.76099781629893,d
194.24510511067268,106.1559484707455,d
152.94705708223324,87.29574679457079,d
128.6229103868878,126.99739087007998,d
108.3858446581453,129.56708505345472,d
158.86666189706352,203.41327907625868,d
197.3562361941675,175.94115846752362,d
217.3672819340919,205.32992741948908,d
178.64317009849876,132.77214738869964,d
67.61096300434718,120.7159235369819,d
25.004530391203424,185.08649617679674,d
104.41042880322775,184.54305417715108,d
119.53061973420857,188.67682356317914,d
149.92920450501222,184.09986517333124,d
176.05741878171722,164.26176990929912,d
71.18344493688511,61.46429269860221,d
77.62637282596563,129.51250234605988,d
104.02048212253568,231.8879170750788,d
128.84704275883263,177.98675610618488,d
129.4071256290377,151.24849060625223,d
136.78824716761486,138.16128461866646,d
110.5171256132372,135.78967241885908,d
66.1047347874148,122.40754009930805,d
144.7543330694986,171.24563829536106,d
198.13985161661617,157.1330814606332,d
188.26384418584894,121.0080691352598,d
155.30720505556485,118.57716723950261,d
118.95281804620123,127.25288754951674,d
178.25277063385937,138.533853922738,d
279.19639973675095,201.5315604629527,d
298.8369508740516,160.01562927740497,d
197.27199106638906,132.30864209206214,d
78.2259693488914,210.60457207689427,d
110.2997573339731,193.31359672359252,d
162.71711394172618,174.41698346396998,d
91.28353963208492,168.20096907201935,d
24.20725804455653,93.16049970911098,d
154.9066278896875,219.96974468621886,d
193.1655713654749,241.56271265119875,d
168.96948410652962,227.71319919187926,d
52.842212831544416,121.60405324347238,d
61.89714653209058,182.3671884880515,d
121.13371618993953,219.41634828687972,d
99.11320810494654,100.86941985241265,d
38.455202187016546,115.6336479291291,d
216.0699766081166,173.73883304047513,d
178.38005386398137,198.01582819570706,d
88.74837470220122,122.42968664528564,d
134.85219627677583,127.4670438355243,d
221.3899134021525,158.78969283834135,d
125.3965083826555,57.04912722792193,d
119.28856352710022,106.61938509962715,d
240.96600580349096,156.97182071663957,d
175.15078300449403,134.79769187172764,d
149.77586803034984,71.40476949538152,d
173.8268663389204,87.88592861396512,d
203.83308710257532,70.86769656888521,d
179.6124416419457,99.30147339235276,d
181.77991562087357,69.24140230379123,d
145.86070167690673,115.91732960062706,d
230.08450099981758,119.25473723349796,d
210.70888570729713,90.5803299314021,d
203.8350098493846,63.79699396153751,d
244.15211197153425,86.10497450487014,d
332.3721384095509,179.2085979812847,d
279.08045254007897,136.30701604607356,d
142.73787478998133,95.83633412183372,d
211.45845548497783,114.65979106205344,d
232.2596512343959,174.61861683069225,d
269.42406028442974,74.21642849507725,d
183.11915567225142,117.96557307855443,d
258.8698536689071,165.91898009106603,d
239.556365049533,214.7997703396922,d
198.5433288484749,30.47941914936274,d
169.19139477214426,118.29471013557986,d
238.01839270347446,179.87825804729061,d
185.8304071876671,130.16398399145038,d
144.96068526598637,192.6384389515614,d
212.07009853055632,222.29379962598563,d
143.342417086095,142.91734108829064,d
66.02239115167646,134.48062420366682,d
141.87848689188135,151.4568099356743,d
114.83092547244806,257.3186436652953,d
154.88654889466446,144.5149805668953,d
41.71524163142557,134.29364671789517,d
124.28925934778272,234.38874353892368,d
141.36846768910567,193.68533794133606,d
106.20354770085297,123.05524536690734,d
107.6259437309447,102.79138328236257,d
195.13810591685854,179.77052472606124,d
166.48489485660951,139.69622411920352,d
154.05195366568543,142.03817528084357,d
189.1413298317147,127.6833549539017,d
149.48966680505805,83.14627129167388,d
141.30317742891845,15.846069806709352,d
203.3395429618956,93.38240648218311,d
274.8315419264096,39.81186907610521,d
255.43270291300243,48.763993466654824,d
253.35178597397862,42.62627014322214,d
277.2780897691303,53.13587307412752,d
266.9403433275741,145.31927224100622,d
131.56170162513808,69.63731249413888,d
124.42012158533245,58.8891992727082,d
193.03208904603966,146.3488518046317,d
150.2486681928373,153.64777600090412,d
154.03806170031993,119.17694245297963,d
159.5017008183536,129.67026879867342,d
287.4577023229925,196.5306194820858,d
158.04984422473694,182.6490338285833,d
44.31978636194544,217.48284582769367,d
63.23495744150379,176.7768033600073,d
129.26562331810663,197.17984461766622,d
92.50653410483547,195.1304782840042,d
207.04805648079704,183.45578548417512,d
186.07006145886749,183.89243954983226,d
183.14329586888744,187.8648554639489,d
173.20920658942816,115.99281187487975,d
172.55072447002757,170.16283106601247,d
238.4480576792316,184.57495831861064,d
291.2619857972105,216.58659987734444,d
201.75049281942265,179.58954243540376,d
74.90742910862829,50.94027830772495,d
158.4526704997218,186.69445697450806,d
202.65967771995997,166.66776962464917,d
174.82794830638522,162.76783488075455,d
35.04870043312905,135.89527449562098,d
147.0082188511425,187.72066011068614,d
159.46036872016634,216.49617364393936,d
85.19166143256425,162.16659265295488,d
41.05401454084828,119.69314198126642,d
156.70564434439592,144.34512264337764,d
150.11305598809707,197.39106095527507,d
104.81568315573914,175.01760382436657,d
144.46842028555665,179.43850819608957,d
197.08038395897967,185.6413847804277,d
122.87196550743693,124.81823719136719,d
95.53085789878592,99.69102462780711,d
194.0227724164265,193.90772769679927,d
250.1239387041929,164.4335769078533,d
151.61597271677272,139.19857379568202,d
105.01222831239602,50.44086050795988,d
138.0290082803249,163.3948420614767,d
178.71029203298087,202.51332167902814,d
137.42290605991204,123.96720252349428,d
181.22836651370858,167.11349436609265,d
261.5840720968498,175.1699806707195,d
228.04439863237553,148.0779510339372,d
195.47631437535384,74.14060787957618,d
210.24625645487075,90.66702737947821,d
201.72262029390458,107.62949930193781,d
139.63448984413714,74.1953904079441,d
55.53465339341841,42.299179882685735,d
75.4702242087433,20.670810091216538,d
57.53666359697571,76.45248083296258,d
141.0532736676015,74.29253761356995,d
84.04002200561345,51.7845460028646,d
95.28284071636986,83.2232905298012,d
119.25876494914635,93.71033985610774,d
102.06507836657022,37.482894874454416,d
81.50926053928745,60.27260261257169,d
117.24042173318871,147.75360973857732,d
133.2604991311647,131.33329041918506,d
180.48009783348212,153.69949605101198,d
220.20797619037924,192.62181369728256,d
295.2588078423627,141.5675437191153,d
282.31834918278435,89.46249464049629,d
254.25414635872554,75.65548196820743,d
251.50155806777474,194.43559299420315,d
299.44457345353294,224.33571789975844,d
319.31661421250186,172.68021254693218,d
266.67631816914246,196.12608729349688,d
270.22431553728745,248.42062478207586,d
224.5565898624174,229.6783834267345,d
264.5498237482896,284.66716329115917,d
301.5317730350669,318.4201050410305,d
310.3387842348075,308.97269072140625,d
286.65688396186687,219.1787433391293,d
276.20861811000884,182.0612214080807,d
284.7477295102383,189.28887919372033,d
291.6627386356556,223.7420384011633,d
241.93700792547446,259.79418717261245,d
311.392408523564,165.6853958038384,d
362.05263822785207,215.1249251695333,d
332.81464624141006,164.74843360710435,d
302.38495542996145,172.18024838800574,d
260.27155644480473,143.45597285622853,d
267.72498715368033,167.78822247462375,d
326.7959330840074,163.41422198059576,d
306.6034385846722,173.95916370034564,d
328.8005103129779,152.59903450141047,d
365.3403921199099,184.48909420901163,d
320.8202950665466,150.12969986802312,d
303.6368596170046,69.07741457509235,d
257.0264723216874,40.02425260076336,d
349.9068663396763,82.61439358970847,d
370.3839187927339,89.12292653029408,d
319.4317808264141,52.33465100718456,d
293.6537204456989,41.84378552095268,d
338.1900435018988,57.51884472282484,d
288.6874034559105,34.97792190441186,d
320.2490898854525,39.159287040212746,d
263.2030828263511,90.9186316046011,d
305.62338277742987,78.22368260681787,d
339.1063747045902,68.49499840718426,d
306.1823033907107,50.91071016007419,d
357.21669605349723,-16.71014880327334,d
349.6911909592046,-11.639241200908259,d
322.92743794946136,45.195704706675315,d
416.1270960496612,40.276761341798306,d
410.246745375772,36.049548782285115,d
391.42388025922537,46.67363025566027,d
355.3650699152325,49.009055536773644,d
187.05459161655466,1.4513462300113815,d
305.623268482948,5.3684104795713665,d
254.39455896345626,27.012198636100493,d
295.37091937058057,120.28529595269538,d
284.27093154450716,97.69173478768823,d
359.9918376829487,62.8803825117983,d
339.9700238155468,32.53360682815793,d
342.43917808840104,75.26141630825731,d
350.64366040414626,18.416335388467587,d
332.4605347210314,29.453077289175326,d
340.91740254559414,32.934307442854276,d
318.6674947478564,2.4544674259900603,d
350.05477582808635,14.999094516887965,d
359.8949285075966,-15.04324526206733,d
359.33020378487436,36.988635311488395,d
360.009719915896,22.157901774046934,d
323.7323377830378,87.21021536164,d
317.51460050338125,68.75255586505091,d
331.5164971733129,51.36697466538567,d
296.31074966961086,61.716648139762356,d
341.767215238934,52.4106584534602,d
294.5677209788908,67.78191105734669,d
329.7809182745039,26.23650819122173,d
353.90372827132114,43.44713505278804,d
320.34779336691423,121.33927870884912,d
301.8298224660841,75.60640689247208,d
311.4612236440702,73.66086870492842,d
333.1685149584,79.19903928239307,d
350.9594114043252,56.704472862389935,d
421.0274561514864,31.872024725477445,d
414.9463759577236,9.215139406111064,d
345.6775223747572,16.17617681731832,d
303.4707333130356,53.35692324456136,d
243.70348292305238,72.48849766440281,d
264.3438357714078,102.49277760239903,d
251.18090374836183,34.3629205288417,d
290.1730461377601,120.24331286375048,d
294.50526791903934,-3.7530898477728556,d
197.44588355934818,1.6137704900011158,d
218.22856139884033,29.530950412843197,d
230.80630422816793,-22.28833888769543,d
270.3662474977475,46.71138385518162,d
258.9017005682404,44.71270175997125,d
275.036285765662,67.5397319981725,d
241.71008105587904,75.98234883466318,d
247.96099359454988,16.472423489852815,d
231.33816202977854,39.20505799295074,d
274.3958510411052,145.40866168815518,d
262.1475341470036,81.58685467085246,d
268.8460239027395,64.32045334097143,d
257.30785848868885,27.85915363298841,d
249.68102898693581,51.8357635452283,d
281.68274254633707,20.53859047013748,d
